{
  "National Emergency Number": "112",
  "Police": "100",
  "Fire": "101",
  "Ambulance": "102",
  "Disaster Management (NDMA)": "108",
  "Women Helpline": "1091",
  "Women Domestic Abuse Helpline": "181",
  "Child Helpline": "1098",
  "Senior Citizen Helpline": "14567",
  "AIDS Helpline": "1097",
  "Anti-Poison Helpline": "1066",
  "Railway Enquiry": "139",
  "Road Accident Emergency Service": "1073",
  "Earthquake/Flood/Disaster Relief": "1070",
  "Tourist Helpline": "1363",
  "Cyber Crime Helpline": "1930",
  "Satyam Vohra": "9634892889"
}
